5763441,2020-05-28 00:00:47
5764182,2020-05-28 00:10:47
5764254,2020-05-28 00:20:47
5778118,2020-05-28 00:30:48
5778552,2020-05-28 00:40:48
5779326,2020-05-28 00:50:48
5779998,2020-05-28 01:00:49
5780357,2020-05-28 01:10:49
5780736,2020-05-28 01:20:49
5780880,2020-05-28 01:30:49
5781606,2020-05-28 01:40:50
5781633,2020-05-28 01:50:51
5781649,2020-05-28 02:00:51
5781650,2020-05-28 02:10:51
5781760,2020-05-28 02:20:51
5781759,2020-05-28 02:30:51
5781759,2020-05-28 02:40:52
5788066,2020-05-28 02:50:52
5788073,2020-05-28 03:00:52
5788312,2020-05-28 03:10:52
5788503,2020-05-28 03:20:53
5788782,2020-05-28 03:30:53
5788782,2020-05-28 03:40:53
5788782,2020-05-28 03:50:53
5788928,2020-05-28 04:00:54
5788928,2020-05-28 04:10:54
5788928,2020-05-28 04:20:54
5789560,2020-05-28 04:30:54
5789560,2020-05-28 04:40:54
5789571,2020-05-28 04:50:55
5789571,2020-05-28 05:00:55
5789843,2020-05-28 05:10:55
5789843,2020-05-28 05:20:56
5789843,2020-05-28 05:30:56
5790103,2020-05-28 05:40:56
5790103,2020-05-28 05:50:56
5790103,2020-05-28 06:00:56
5790103,2020-05-28 06:10:56
5790103,2020-05-28 06:20:57
